"kommunenummer","iKomNr","KomNavn","Kyst","iFylke","SSB_Sentralitet","BefUtvSiste10y","SyssUtvSiste10y","Herfindahlsindeksen_omvendt","SSB_Sentr_Kl","Herfindahlsindeksen","rSkog","rDyrketMark","rUrbant","SHAPE_Length","SHAPE_Area"
"5514",5514,"Ibestad",1,55,447,-10,-4.9,0.859948952,6,0.140051048,21.1570582578327,1.52688498591217,0.059050800560139,153246.357995306,241003664.323449
"3424",3424,"Rendalen",0,34,486,-7.4,-23.2,0.926197562,6,0.073802438,55.95327581923,0.761752597098295,0.02044340165623,301558.744473048,3179982301.12437
"3120",3120,"Rakkestad",0,31,785,6.5,-4.1,0.936953206,3,0.063046794,65.1114126060662,25.9295881527813,0.556488145882678,107524.363356357,434967141.633841
"3207",3207,"Nordre Follo",1,32,923,12.6,8.3,0.916460783,2,0.083539217,60.701953549974,19.2895321886382,5.95525282626177,95691.3395835324,203100540.014132
"5047",5047,"Overhalla",0,50,611,5,6.5,0.912832307,5,0.087167693,51.9539757550853,6.21601260187658,0.108211766317376,145101.66247468,729864763.1094
"3438",3438,"Sør-Fron",0,34,615,1.5,-4,0.891386506,5,0.108613494,45.337572924105,4.57956642998612,0.123954136969321,236289.776708177,743013362.697418
"3420",3420,"Elverum",0,34,787,6,2.4,0.941133936,3,0.0588660640000001,79.6968932781244,4.23177983681372,0.547479398342105,195894.511907503,1229238990.36261
"1560",1560,"Tingvoll",1,15,568,-2.7,-3.7,0.944266319,5,0.055733681,45.1604595879556,3.65887480190174,0.101030110935024,242684.693687802,337527646.739014
"3103",3103,"Moss",1,31,900,11.5,6.3,0.946731451,2,0.053268549,25.0138855827977,13.4848845512973,4.57827501388558,144108.719133608,137860570.380035
"4651",4651,"Stryn",1,46,603,2,-0.1,0.94058818,5,0.05941182,25.9033504095554,2.14982330219434,0.0910884036928472,297779.707074595,1387029780.06487
"4601",4601,"Bergen",1,46,895,8,8.8,0.962515645,2,0.037484355,33.1328153773304,2.6219330398639,9.6844911345341,375295.406715236,467546663.706518
"1820",1820,"Alstahaug",1,18,653,-0.8,-0.7,0.939998389,5,0.060001611,11.187245822084,4.14032329722156,0.404975906496702,909756.113812389,188074433.887466
"3422",3422,"Åmot",0,34,638,-4,-5.6,0.907997321,5,0.092002679,75.2356501556075,1.49487652155742,0.0955288041734146,197235.573603516,1340008288.23781
"1806",1806,"Narvik",1,18,686,-2.4,-4.3,0.944344665,4,0.055655335,20.9803557376007,0.473143717404162,0.127328448743579,950430.680142233,3430265535.17407
"1120",1120,"Klepp",1,11,851,13.1,18.7,0.937702243,3,0.062297757,1.92073654690724,39.488861844542,2.01597968146463,62859.4547981222,114217862.599696
"5028",5028,"Melhus",1,50,776,10.6,13.1,0.927849439,3,0.0721505609999999,66.3517587939699,10.1809045226131,0.449389806173726,149139.662161697,694822240.407524
"3447",3447,"Søndre Land",0,34,692,-2.4,-9,0.933262874,4,0.066737126,79.8146495503536,3.35552962174779,0.219674606988398,144434.437656544,728966371.397746
"5056",5056,"Hitra",1,50,551,10.7,10.2,0.910266763,6,0.089733237,14.8775456091678,1.03214791533283,0.0355690071073343,1683788.25065946,757053852.749238
"3234",3234,"Lunner",0,32,785,4.8,2.1,0.923440133,3,0.0765598669999999,77.4910910087719,9.78961074561404,0.812088815789474,97192.3099399499,292022660.039681
"4640",4640,"Sogndal",1,46,659,10.2,11.8,0.942303796,5,0.057696204,34.4300806604927,1.68314277178784,0.19825642975476,396917.351917318,1262793486.5406
"3320",3320,"Flå",0,33,617,4.5,18.8,0.914050974,5,0.085949026,67.0808070768313,1.01239581410539,0.00993936984395189,134841.428656563,705294145.216558
"1865",1865,"Vågan",1,18,650,5.7,8.8,0.947580478,5,0.052419522,7.86803353912898,0.468254630402136,0.121495911897213,1085972.20944979,478802112.123291
"5616",5616,"Hasvik",1,56,351,-5.2,-12.3,0.81208595,6,0.18791405,1.29646620354804,0.000569875254306832,0.0245046359351938,602662.700190554,556193950.379767
"1859",1859,"Flakstad",1,18,522,-11.3,-7.9,0.846114922,6,0.153885078,1.2038508613288,0.420160391662556,0.038362470543103,298454.755561467,178327368.936982
"3105",3105,"Sarpsborg",1,31,877,9.9,25.9,0.946597644,2,0.053402356,57.6298967382396,17.9057297398553,3.77221532769804,190537.671120522,405755814.777106
"1525",1525,"Stranda",1,15,628,-4.1,1.5,0.877271576,5,0.122728424,24.8917267596387,1.54918093543844,0.132363374524816,278224.401751469,868877583.957419
"5534",5534,"Karlsøy",1,55,452,-6.3,3,0.841505362,6,0.158494638,6.89027640933031,0.125044309786113,0.0092108531762092,1078268.3219105,1091458421.33821
"3218",3218,"Ås",1,32,895,21.5,42.5,0.917621673,2,0.082378327,46.8659594985535,36.5091610414658,4.49373191899711,81108.6348935598,102740224.096838
"3411",3411,"Ringsaker",0,34,797,6.2,9.1,0.938690384,3,0.061309616,52.2869485739284,13.745127295737,0.727292612238202,185855.219048018,1280648757.93723
"4227",4227,"Kvinesdal",1,42,650,2.1,-1.1,0.922407146,5,0.077592854,47.916602348389,1.94910108775071,0.102909244337419,243977.365933636,967593706.315823
"3305",3305,"Ringerike",0,33,838,7,7.5,0.949320569,3,0.0506794310000001,79.3312327181532,4.85370715709601,0.47585364285255,261479.037043018,1556673264.11559
"4611",4611,"Etne",1,46,604,0.8,-2.6,0.935930755,5,0.064069245,25.6483370615275,2.65111477102333,0.120449349819326,270677.012393186,739096055.252765
"4211",4211,"Gjerstad",0,42,661,-2.5,17.4,0.875288889,5,0.124711111,84.2765343184429,2.25064414987738,0.111756123304256,88714.4835948006,322832426.863136
"4005",4005,"Notodden",0,40,774,0.6,0.6,0.941756624,4,0.058243376,77.3254868479896,2.18827499288531,0.444159856893117,209997.484544293,985721641.412398
"3428",3428,"Alvdal",0,34,573,1.8,18.3,0.880609449,5,0.119390551,48.0698402589821,3.52916202303243,0.0297192591413257,168395.440094418,942669640.746961
"3417",3417,"Grue",0,34,662,-8.5,-6.6,0.94766111,5,0.05233889,77.2913506217375,8.29102810659723,0.133784058196065,183322.11515518,836989854.635777
"4618",4618,"Ullensvang",1,46,583,-2.5,1.5,0.92691607,5,0.07308393,12.4421495060514,0.542848660197114,0.0815000669464836,459576.599060048,3243694264.32985
"4220",4220,"Bygland",0,42,551,-5.9,-16.2,0.923938135,6,0.076061865,47.166359187034,0.58776891762087,0.030493847866193,213605.834949385,1316453998.7426
"1860",1860,"Vestvågøy",1,18,631,6.3,5.6,0.928774314,5,0.071225686,3.87571883128199,1.82200737064264,0.21427787710002,967210.481087435,423987406.719364
"1848",1848,"Steigen",1,18,403,4.4,13.4,0.846806964,6,0.153193036,12.9009576779252,0.81332311657153,0.00631372920415443,1506404.16420211,1008464658.48329
"4225",4225,"Lyngdal",1,42,695,10.4,5.1,0.902209444,4,0.097790556,70.45939793278,3.03295957467868,0.34642195608218,362418.431069264,645577338.435405
"4206",4206,"Farsund",1,42,686,4.4,4.7,0.900552787,4,0.099447213,31.1454390035413,5.50535270891847,0.56987015101559,428731.378108543,263866353.58369
"4201",4201,"Risør",1,42,709,-0.6,-3.4,0.943662221,4,0.056337779,51.9083969465649,1.59493259704401,0.578203670618808,358416.901750471,193361456.74493
"4014",4014,"Kragerø",1,40,755,-2.7,-6.1,0.943242064,4,0.056757936,44.7676325861126,1.00601421541826,0.537634408602151,700990.766495786,306020613.523784
"4226",4226,"Hægebostad",0,42,575,4.9,12.1,0.913969681,5,0.086030319,56.800052024625,1.64744645799012,0.00867077083152692,124881.120437166,463294217.877999
"1121",1121,"Time",0,11,836,13.4,10.4,0.930831686,3,0.069168314,7.39709575281144,26.2201113658696,2.3856316191724,83822.4922068355,184323557.182316
"4639",4639,"Vik",1,46,532,-6.2,-4.1,0.929331838,6,0.070668162,24.2231289152654,1.53725684141114,0.0607896472139796,212337.978678746,836809860.125435
"1813",1813,"Brønnøy",1,18,613,-0.9,0.8,0.937113145,5,0.062886855,17.3659829900055,1.31025614291176,0.113697861586507,1302862.21765148,1045501332.18095
"1815",1815,"Vega",1,18,400,-1.5,-6.6,0.885349737,6,0.114650263,0.636805180787911,0.621386169146558,0.0107933081489477,1461085.10987109,164736358.7727
"5544",5544,"Nordreisa - Ráisa - Raisi",1,55,570,-1.6,-4.3,0.933575204,5,0.066424796,18.3425330319889,0.537313108484006,0.0396601182197497,513030.443529462,3440641285.27759
"3124",3124,"Aremark",0,31,662,-6.7,-7.3,0.921850251,5,0.078149749,78.1713963540688,6.85021612478857,0.0657771095658711,93588.8312389314,319292649.956088
"3216",3216,"Vestby",1,32,877,22.3,49.3,0.900270905,2,0.099729095,54.4302125973854,23.332893173115,2.63435890664202,82942.9254793662,134057263.699056
"1146",1146,"Tysvær",1,11,724,8.8,8.7,0.911113928,4,0.088886072,33.8146924649992,3.92638036809816,0.369671228566934,474764.939027575,428122498.475881
"3454",3454,"Vang",0,34,541,2.4,-0.1,0.903351264,6,0.096648736,14.2013563690227,0.992367933363888,0.0126204757255113,209885.27386033,1508822072.30682
"4647",4647,"Sunnfjord",1,46,667,4.4,6.3,0.943053316,5,0.056946684,32.8728671205022,3.29767482981169,0.21041464061533,382234.451402159,2218486008.52139
"3431",3431,"Dovre",0,34,563,-9.6,-9.9,0.924946647,6,0.075053353,19.0775297204591,1.98844896583063,0.084287368621645,201760.659350379,1366098147.49712
"5518",5518,"Loabák - Lavangen",1,55,517,-2.9,3.8,0.886369363,6,0.113630637,35.5897214690658,1.34951934927286,0.0400542272615233,132297.409199178,301482195.573919
"3909",3909,"Larvik",1,39,842,5.9,4.7,0.950824686,3,0.049175314,56.6685259943464,10.2370170081212,1.1127603452677,521977.530689535,813885213.416175
"1124",1124,"Sola",1,11,878,15.2,16.9,0.844654282,2,0.155345718,1.00008000640051,11.8849507960637,2.02416193295464,172505.07860164,69487726.1502498
"1122",1122,"Gjesdal",1,11,792,11.4,12.3,0.924138704,3,0.075861296,16.5429615795942,3.12534916758448,0.443742118788807,185073.954219178,621349481.689855
"3114",3114,"Våler (Østfold)",0,31,824,24,19.7,0.91542815,3,0.08457185,74.8316793150418,13.8548355711228,0.513718622300058,79830.7773167814,257086301.029476
"5055",5055,"Heim",1,50,588,-3.4,0.9,0.926915354,5,0.073084646,40.6382738181759,3.27858261866693,0.113862105722176,546809.791213885,1026102671.38884
"4613",4613,"Bømlo",1,46,644,4.2,1.1,0.928604691,5,0.071395309,10.6553752562677,0.738318884079915,0.24655294858567,1143110.26982361,248203715.9509
"1547",1547,"Aukra",1,15,616,9.4,-3.9,0.915508158,5,0.084491842,3.76173518938168,2.36322434444804,0.236322434444804,275980.891882557,60859779.4262919
"3328",3328,"Ål",0,33,635,2.1,1.4,0.94422361,5,0.05577639,32.926517898177,2.11918500740438,0.149789783655892,214160.516660049,1177790139.01724
"1838",1838,"Gildeskål",1,18,478,-3.9,8,0.880997475,6,0.119002525,12.9665501747379,0.603095356964553,0.0246297220835414,963204.407916275,664197682.407462
"4621",4621,"Voss",1,46,720,7.9,4.5,0.944146483,4,0.055853517,36.1456786206963,2.46915360471432,0.171595841324316,325683.085404626,2051179157.43587
"3336",3336,"Rollag",0,33,578,0.8,8.5,0.93281296,5,0.06718704,75.2003205128205,2.30146011396011,0.0333867521367521,100330.940711618,450069606.608532
"1531",1531,"Sula",1,15,737,14.8,17.2,0.9293661,4,0.0706339,21.3385378547613,2.01675205334634,2.00048792388387,78368.4733290157,58761410.2506516
"1566",1566,"Surnadal",1,15,607,-0.3,1,0.947016105,5,0.052983895,32.2699622911563,2.65475764498638,0.0674355233822356,318762.32714713,1368194100.5317
"5532",5532,"Balsfjord",1,55,557,-0.8,-4.9,0.92858613,6,0.07141387,37.7427930022794,2.92873095980387,0.0482284651290973,416387.784441646,1496838597.4812
"1828",1828,"Nesna",1,18,494,-4.9,-9.6,0.896732406,6,0.103267594,17.183853830495,3.46060275060821,0.171292388659947,283951.324214757,183081535.289947
"3430",3430,"Os",0,34,551,-9.4,2.8,0.919575901,6,0.080424099,40.1720492118416,3.00557477893118,0.0278738946559016,221587.424783961,1040498085.19854
"4214",4214,"Froland",0,42,726,13.8,58.8,0.891413785,4,0.108586215,80.7800912278524,1.3404908927297,0.173767337946442,189581.884045539,646342404.737658
"1119",1119,"Hå",1,11,773,11.4,10.5,0.916427142,4,0.083572858,3.71248250849587,26.8298255133221,1.35077248193734,134573.673399535,259624540.809482
"4028",4028,"Kviteseid",0,40,601,-3.2,-14.8,0.924567309,5,0.0754326910000001,73.4568859655313,1.44677968015583,0.0494022329809307,163646.736485748,710280863.280131
"4631",4631,"Alver",1,46,731,10.1,5.9,0.94358825,4,0.05641175,33.8670895789635,3.0357599631657,0.482938558346549,1244848.21216511,683293392.20928
"5618",5618,"Måsøy",1,56,397,-9.8,-6.4,0.828122265,6,0.171877735,0.306417813691939,0.00866864663581131,0.0131914187936259,867642.731302416,1139339057.34635
"3901",3901,"Horten",1,39,874,4.1,4.6,0.899859989,2,0.100140011,22.8550492938982,14.6482813749001,4.57633892885691,100733.464319656,71018972.8970847
"1563",1563,"Sunndal",1,15,640,-1.3,-6.4,0.850192202,5,0.149807798,19.3954212047122,1.30862413869749,0.122805067792843,292142.126027277,1716380384.94778
"3226",3226,"Aurskog-Høland",0,32,797,12.5,10.9,0.93672327,3,0.06327673,75.2550663871419,9.65321453529001,0.415793151642208,181232.419255185,1144900139.70674
"3903",3903,"Holmestrand",1,39,837,17.8,18.5,0.932689268,3,0.067310732,65.3490949390469,14.3085826868612,1.40787259368715,181848.6409643,432806042.372124
"4022",4022,"Seljord",0,40,650,-0.2,-8.5,0.915304705,5,0.0846952949999999,63.1048274318957,1.72148570789282,0.0811098058958438,182650.812135573,716851641.938228
"4636",4636,"Solund",1,46,350,-10.2,-9.4,0.873057341,6,0.126942659,1.29291177516898,0.0833778014941302,0.0144521522589826,1082689.60355654,229689028.630049
"5052",5052,"Leka",1,50,386,1.4,-0.4,0.832114007,6,0.167885993,2.46551046189628,0.658417622501652,0,487767.367286042,110106336.857875
"3330",3330,"Hol",0,33,629,1.3,0.5,0.922319362,5,0.077680638,20.7749630636169,0.615786124861152,0.0792649390145265,250632.167553437,1859721728.67696
"3412",3412,"Løten",0,34,790,4.8,6.6,0.906988406,3,0.093011594,70.9587483759203,12.9736899090515,0.581961888263317,119148.722719884,369494661.73701
"5612",5612,"Guovdageaidnu - Kautokeino",0,56,495,-2.6,-1.6,0.892590567,6,0.107409433,37.5078677496948,0.0377033896995575,0.00648992773516974,532644.129148173,9727129897.16972
"1816",1816,"Vevelstad",1,18,373,-9.2,-21.2,0.883437364,6,0.116562636,18.743382642103,1.08297788668058,0.0121003115830233,303258.586235573,538765908.541505
"1135",1135,"Sauda",1,11,604,-4.3,-7,0.913890262,5,0.086109738,25.6586868758411,0.699412139669948,0.31517812876266,132372.185855971,549219328.798496
"5060",5060,"Nærøysund",1,50,581,5.2,11.8,0.93567596,5,0.06432404,16.5817544285999,1.55995498349491,0.0616228507945876,3714756.33901822,1345959635.19647
"4003",4003,"Skien",1,40,849,5.5,5.5,0.945206198,3,0.0547938019999999,77.7247312926038,5.53243636549312,1.95818121473614,190458.901166628,780466859.88756
"3414",3414,"Nord-Odal",0,34,708,-3.5,0.9,0.905031196,4,0.094968804,81.0422529667605,5.04398480703757,0.175152028024325,121927.975639871,508177728.083335
"5045",5045,"Grong",0,50,593,-6.9,-5.4,0.909248618,5,0.090751382,54.0196803267145,1.70046472327841,0.0554499366286439,174368.206684344,1135628942.76216
"4223",4223,"Vennesla",0,42,775,11.2,10.2,0.93213294,3,0.06786706,80.7215127318126,2.50994876063152,0.941555908133274,131505.789296583,385831329.939906
"3222",3222,"Lørenskog",0,32,978,36.4,21.5,0.91068015,1,0.08931985,65.1403459030337,8.98780833569606,9.38474624326623,41436.0345029173,70577424.2921592
"1866",1866,"Hadsel",1,18,605,1.7,2.7,0.902426684,5,0.097573316,19.5827458397008,1.85071048032354,0.230494507814017,695519.021197032,566165449.541189
"1133",1133,"Hjelmeland",1,11,593,-6.4,-5.9,0.907519783,5,0.092480217,27.2065271592414,1.82351221693003,0.0275117354746634,326983.357382231,1073534689.34206
"5021",5021,"Oppdal",0,50,666,6.8,6.8,0.935538737,5,0.064461263,18.4740403938244,1.87501923829542,0.107734454357969,231142.236948439,2276695449.31226
"5526",5526,"Sørreisa",1,55,610,0.6,5,0.904590993,5,0.095409007,51.0804797585863,1.80037337288699,0.11508068434647,126096.531959957,362828233.543797
"5025",5025,"Røros - Rossen",0,50,644,0.2,-2.9,0.943957223,5,0.056042777,43.1166401741859,1.40248296729414,0.105288444337679,211294.968402489,1956335152.02985
"3214",3214,"Frogn",1,32,891,4.1,6.7,0.925694055,2,0.074305945,51.8852387969143,13.9290976857069,3.09439195631447,110454.051696359,85756456.8225462
"4650",4650,"Gloppen",1,46,617,3.8,1.5,0.94200451,5,0.05799549,29.9941567453071,2.7381126287342,0.145168358775838,251113.10999205,1035199676.56477
"1514",1514,"Sande",1,15,560,-7.1,-6,0.867571296,6,0.132428704,5.15219560878243,2.53555389221557,0.130988023952096,226045.793109546,93714242.3459327
"4642",4642,"Lærdal",1,46,570,-2.2,3.6,0.930642093,5,0.069357907,20.0759434264138,0.865385299116127,0.0462202501582155,244896.518301066,1346506182.77112
"1505",1505,"Kristiansund",1,15,749,0.1,-5.1,0.956227466,4,0.043772534,10.9467178574773,0.798295720573087,1.299278958704,194689.526574839,87655608.9140415
"4221",4221,"Valle",0,42,466,-7.6,-15.8,0.920901694,6,0.079098306,36.8596177860677,0.586440731549247,0.0134359736338776,195734.51815153,1270054196.30435
"3449",3449,"Sør-Aurdal",0,34,581,-8.9,1.4,0.888272677,5,0.111727323,74.6260312880393,1.72039132590956,0.0351652315044407,179765.747129605,1110500891.72382
"3240",3240,"Eidsvoll",0,32,851,23.5,10.9,0.92950923,3,0.07049077,64.7330719183334,11.3365024425508,1.62544634055511,122286.012050298,456614964.450056
"4645",4645,"Askvoll",1,46,504,-2.3,-0.9,0.91138107,6,0.08861893,8.35810403695521,1.49427595902792,0.0341434022896164,697685.270532968,328182635.542316
"3322",3322,"Nesbyen",0,33,640,-4,5.6,0.931790243,5,0.068209757,68.3262724948433,1.60814199078591,0.139569927003693,131686.263369296,811082749.696874
"1106",1106,"Haugesund",1,11,836,5.9,1.6,0.938873351,3,0.061126649,6.23885160961522,1.1042215238257,4.06013760298989,165147.733521112,73173595.3871689
"1576",1576,"Aure",1,15,501,-5.3,1.9,0.922259383,6,0.077740617,32.767978937528,2.1444038500062,0.0324331543150404,762751.4653307,642432686.159279
"3419",3419,"Våler (Innlandet)",0,34,669,-5.3,-1.8,0.820479139,5,0.179520861,75.1644736842105,7.61541515426497,0.138951905626134,211457.774852188,705199283.605012
"1836",1836,"Rødøy",1,18,338,-13.1,-11.3,0.794088001,6,0.205911999,6.4151890608476,0.305328433813272,0.00123448153832859,1363453.3668804,710807701.315105
"4010",4010,"Siljan",0,40,739,-2.1,-8.7,0.91632,4,0.08368,86.2724935732648,3.42603412012152,0.25706940874036,78989.5286869407,214259504.631561
"3415",3415,"Sør-Odal",0,34,777,3.4,9.4,0.932974227,3,0.067025773,72.7658009830863,13.0181522622595,0.388977048418934,129461.214698586,516737479.389303
"1508",1508,"Ålesund",1,15,800,9.9,1.1,0.956472332,3,0.043527668,18.7957224221188,2.55574603294212,1.01162330689675,630232.389621607,372720809.34402
"4617",4617,"Kvinnherad",1,46,587,-1.9,-0.6,0.93959737,5,0.06040263,27.200281572289,1.72330209917454,0.25368069436789,639596.398959217,1096505833.27617
"1532",1532,"Giske",1,15,714,15.3,14.4,0.935666662,4,0.064333338,0.639097744360902,2.41707209199469,0.521892967713401,148243.575479654,40764795.7923497
"4628",4628,"Vaksdal",1,46,644,-6.2,-18,0.912636214,5,0.0873637860000001,34.4626646758017,0.802071908983998,0.129494311499888,332158.82793314,719112609.412491
"3122",3122,"Marker",0,31,732,1.4,1.2,0.919631149,4,0.080368851,74.8964615272833,10.0365714839303,0.21313182687883,118954.491892814,412934392.55337
"5049",5049,"Flatanger",1,50,475,-4.3,15.2,0.789221726,6,0.210778274,15.4361764134447,0.875178833212639,0.0229613013759118,848862.391998659,458792497.606898
"5053",5053,"Inderøy",1,50,670,2.2,2.3,0.928895754,4,0.071104246,46.1209507857881,9.94797049285485,0.210256227504365,224017.263253502,365719862.697701
"3434",3434,"Lom",0,34,547,-6.4,-12.1,0.907659003,6,0.092340997,10.9126006451449,0.996672677859338,0.0299712986716111,236238.122675899,1972713309.24911
"5036",5036,"Frosta",1,50,657,0.7,0,0.894000089,5,0.105999911,17.6827296248383,10.1309831824062,0.06872574385511,79428.1806989689,76343252.8911893
"3401",3401,"Kongsvinger",0,34,792,1.9,2.7,0.952867295,3,0.047132705,80.6570505089488,5.37121906507791,0.455400646437358,201894.905631458,1036228003.44365
"4630",4630,"Osterøy",1,46,717,6.2,9,0.912512779,4,0.0874872209999999,51.6942626107047,3.83776151970222,0.413939160569888,168057.714913138,256589696.328788
"5035",5035,"Stjørdal",1,50,802,9.7,5.8,0.945408487,3,0.054591513,57.7172153264976,8.90048170134517,0.470708160940217,181421.152114481,938341238.650403
"1874",1874,"Moskenes",1,18,442,-12.4,-1,0.870508238,6,0.129491762,0.130676949443016,0,0.0792630676949443,213515.135380547,118715861.115727
"4034",4034,"Tokke",0,40,533,-3.8,-4.4,0.90937405,6,0.09062595,63.5326738304658,1.0308964228402,0.0792215970261431,191261.700308602,987687214.018098
"4602",4602,"Kinn",1,46,663,-0.6,-1.3,0.954869141,5,0.045130859,16.2294135694933,0.810716644392326,0.238690788823655,1491976.72971137,816397028.982463
"3426",3426,"Tolga",0,34,567,-7.5,-2.7,0.896349862,5,0.103650138,38.3400441847206,2.81766676168757,0.0311787343215507,203630.057367153,1122801797.80525
"5057",5057,"Ørland",1,50,603,6.6,13.9,0.935379662,5,0.064620338,12.4289028836593,4.94464700033146,0.15512098110706,871525.288605261,457494844.194946
"3407",3407,"Gjøvik",0,34,805,3.9,8.2,0.951837518,3,0.048162482,73.3545916466749,9.95961913844228,1.24718749534354,122130.551178744,671567701.89958
"4623",4623,"Samnanger",1,46,683,2.5,-1.8,0.925079221,4,0.074920779,41.3161886376172,0.865278543849972,0.134445670159956,150693.108184443,270542639.474798
"5601",5601,"Alta",1,56,713,8.5,11.9,0.946202769,4,0.053797231,19.1025905462397,0.57094708755546,0.129461484111346,892866.27652002,3855565759.41439
"1804",1804,"Bodø",1,18,793,8.2,8.6,0.952387825,3,0.047612175,11.5878583459887,0.582386687357174,0.176725665000238,1703827.98114077,1394212013.74169
"3427",3427,"Tynset",0,34,647,1,-0.1,0.94046098,5,0.05953902,42.2266069586121,3.33145416059481,0.084562773233489,282765.78459643,1881210878.24533
"3318",3318,"Krødsherad",0,33,656,-0.5,1,0.894128701,5,0.105871299,76.7223883785516,2.64099551377911,0.117496261482589,90599.238452462,374984834.932903
"1577",1577,"Volda",1,15,705,8.9,7.9,0.939381044,4,0.060618956,30.4734912972941,2.67190097542412,0.252368457948605,370494.572954841,880637844.988126
"3212",3212,"Nesodden",1,32,850,12.9,19.5,0.932341034,3,0.067658966,39.6310596310596,4.89060489060489,4.7018447018447,67151.3128514454,61504999.4529764
"5524",5524,"Målselv",1,55,576,2.3,1.5,0.934468705,5,0.065531295,31.0889519831493,1.0487020822099,0.0560102248453015,366845.974226252,3324350930.8176
"3334",3334,"Flesberg",0,33,688,3,4.6,0.895861066,4,0.104138934,80.4523856133545,2.45946859817409,0.0516096883842608,117292.009554944,562778774.378058
"3224",3224,"Rælingen",0,32,948,19.5,19.2,0.927869326,1,0.072130674,58.7332589285714,7.11495535714286,5.2734375,46289.757611603,71709144.8466741
"3101",3101,"Halden",1,31,842,6.2,4.2,0.946437087,3,0.053562913,72.8013546407027,9.58982809972333,1.50129265379556,192270.711088443,642426951.063669
"1144",1144,"Kvitsøy",1,11,525,1.3,6.1,0.674786621,6,0.325213379,0,0.506314711571282,0.113778586869951,139942.631238902,6327607.91165059
"4036",4036,"Vinje",0,40,550,3,11.4,0.925654949,6,0.074345051,24.9887309069366,0.455915307936017,0.0318754346650182,295236.751441413,3116019213.72081
"5610",5610,"Kárásjohka - Karasjok",0,56,554,-6.5,0.6,0.922062397,6,0.077937603,60.8044467755009,0.193473612399916,0.015221146757529,389842.59749069,5469608766.57921
"1835",1835,"Træna",1,18,323,-12.3,-17.2,0.795105917,6,0.204894083,0,0,0.0249259146425901,326556.703813172,16527267.1171089
"1127",1127,"Randaberg",1,11,867,12.3,-0.7,0.942859351,3,0.057140649,1.43298059964727,15.5864197530864,1.85185185185185,49684.9939973726,24879067.6168702
"4625",4625,"Austevoll",1,46,598,9.5,2.9,0.875126799,5,0.124873201,6.06263573443748,0.420142483102965,0,663018.737015558,117991123.092148
"3201",3201,"Bærum",1,32,966,11.3,8.3,0.948536854,1,0.051463146,58.4190854136865,6.74172857736145,12.4221309584237,133950.945202842,192431263.091988
"3439",3439,"Ringebu",0,34,647,-1.8,7.2,0.925436098,5,0.074563902,47.3368227834911,3.87473247994101,0.119432176150436,165651.355029109,1248472777.4091
"1114",1114,"Bjerkreim",0,11,687,2.5,7.7,0.86515266,4,0.13484734,20.3151179770963,4.14726001076013,0.0876181692414111,146407.997034681,654184259.388902
"5034",5034,"Meråker",0,50,626,-3.3,-10.1,0.936012559,5,0.063987441,31.2557891266465,0.884657048212632,0.0329685856476757,147093.963796452,1273707527.94949
"4026",4026,"Tinn",0,40,595,-7.1,-8.9,0.942975869,5,0.057024131,33.7782928224612,0.498745801000425,0.0836132666383066,261856.192471467,2049963080.89936
"5530",5530,"Senja",1,55,611,0.5,6.7,0.924110888,5,0.075889112,24.4820645745372,0.890237297817248,0.096729779030385,1155921.10817439,1953995938.70198
"1841",1841,"Fauske - Fuossko",1,18,679,0.6,0.1,0.934287451,4,0.065712549,24.7169563436556,1.4405279875113,0.234935894958925,305019.220297678,1196066980.27524
"1867",1867,"Bø",1,18,497,-2.6,10.9,0.903917008,6,0.096082992,11.1674677460157,1.64811535542626,0.0619782443713635,514854.384341496,246526125.97597
"4215",4215,"Lillesand",1,42,788,13.8,24.3,0.920445042,3,0.079554958,48.259375,2.15,0.746875,504118.127096221,190887829.70104
"1520",1520,"Ørsta",1,15,718,4.5,-0.5,0.955796705,4,0.044203295,29.2096917417227,3.08385132563745,0.385639984777369,233373.956461388,664327793.992166
"1851",1851,"Lødingen",1,18,537,-10.6,-11,0.920167057,6,0.079832943,18.5012405046315,0.472253886754859,0.0766334907512956,888340.548055434,527003430.712882
"4629",4629,"Modalen",1,46,530,-0.8,-10.9,0.901406036,6,0.098593964,24.7754634053124,0.468182686795337,0.031052933307854,139348.939664892,414097753.807668
"3451",3451,"Nord-Aurdal",0,34,686,0.1,5.2,0.935392886,4,0.064607114,55.7084073383565,3.42647853762397,0.164373889924653,186633.985081996,907880441.828767
"1134",1134,"Suldal",1,11,518,-1.5,-1.9,0.911520221,6,0.088479779,32.1565730393004,1.00752896056334,0.0586808338965646,518002.952151971,1744478937.23457
"4646",4646,"Fjaler",1,46,562,1.5,10.2,0.915737017,6,0.084262983,46.1907200655536,3.28382669261498,0.100378981870327,297384.68492478,418947849.378224
"3324",3324,"Gol",0,33,683,2.1,3,0.933368927,4,0.066631073,66.4281690140845,3.46478873239437,0.315492957746479,107664.261827654,533473500.232107
"1825",1825,"Grane",0,18,494,-0.3,0.7,0.821288715,6,0.178711285,37.6930408011536,0.483007419752409,0.0294395018237522,254907.182398749,2002774484.66145
"4627",4627,"Askøy",1,46,810,11.8,20.1,0.938477411,3,0.061522589,16.7463461275782,0.98802531530301,4.53489960387925,355196.359342067,101746316.451
"4222",4222,"Bykle",0,42,467,7.1,19.4,0.900071747,6,0.099928253,19.4921954876968,0.158135096448777,0.0299911389816645,201418.645317529,1472955950.65637
"4024",4024,"Hjartdal",0,40,599,-1.3,19.8,0.82946559,5,0.17053441,62.1518171827036,1.47421078561413,0.0202119730675459,137051.964319134,793412404.977099
"3310",3310,"Hole",0,33,832,6.6,15,0.934045717,3,0.0659542829999999,52.8752335478514,11.2310566742786,0.783682790118331,71853.2206983834,192853992.574736
"1580",1580,"Haram",1,15,625,4.3,5.8,0.889399152,5,0.110600848,18.7957224221188,2.55574603294212,1.01162330689675,374845.338392623,262183134.820901
"4641",4641,"Aurland",1,46,528,3.6,13.8,0.912122172,6,0.087877828,14.0585950636659,0.404876987293193,0.0336298474787506,292358.859470406,1472906857.50259
"3911",3911,"Færder",1,39,846,5.1,-0.2,0.938739317,3,0.061260683,9.61281474187649,2.47397664931777,1.56315937543958,537113.208377892,100041334.66641
"4202",4202,"Grimstad",1,42,809,13.9,16,0.945338642,3,0.054661358,51.5963644838033,4.95455604754137,1.33535306455372,359976.172518789,304424246.518067
"1108",1108,"Sandnes",1,11,882,15.8,12.7,0.948604958,2,0.051395042,19.7215451787687,4.80018937733434,1.36158796401831,387141.112141539,1046133867.3174
"1506",1506,"Molde",1,15,740,4.9,3.5,0.961363389,4,0.038636611,25.6981332904897,2.18402000261078,0.389609085523211,745925.398525979,1507044971.86067
"1853",1853,"Evenes - Evenássi",1,18,528,-4.8,4.9,0.870243375,6,0.129756625,38.7108344221556,2.24425486127123,0.0691722388747983,149142.570343794,252632257.583387
"1818",1818,"Herøy (Nordland)",1,18,480,4.5,4,0.906018047,6,0.093981953,0.504349618962277,0.237900763661451,0.0412361323679849,1258762.7988067,64436443.3783843
"5061",5061,"Rindal",0,50,607,-5,-11.6,0.911418898,5,0.088581102,35.1694781150109,4.21717251637814,0.0743741494445675,173322.819610392,632731908.192105
"4218",4218,"Iveland",0,42,624,4.8,-4.2,0.855251487,5,0.144748513,83.3619997706685,1.13519091847265,0.0229331498681344,89971.0791144612,262508831.745828
"5516",5516,"Gratangen - Rivtták",1,55,509,-3.6,26.1,0.888663997,6,0.111336003,35.883200768697,0.971547536433033,0.0266908663855229,160119.106113909,312600404.709288
"3437",3437,"Sel",0,34,627,-6.5,-13.9,0.941747848,5,0.058252152,42.5727039688854,3.56669318483161,0.185627154600902,175270.096257368,906206605.08484
"3450",3450,"Etnedal",0,34,587,-11.4,-20.6,0.909127259,5,0.090872741,75.83525722002,2.7486169795705,0.0130679095700658,129736.942283837,459725330.714408
"5001",5001,"Trondheim - Tråante",1,50,885,14.6,16.1,0.959358602,2,0.040641398,40.4508541024923,10.3290394847382,4.77457294875385,161043.951227916,528855450.387006
"4632",4632,"Austrheim",1,46,641,0.8,-6.3,0.826029573,5,0.173970427,4.86599975299494,1.84018772384834,0.197604050883043,462677.612280092,57926270.3860667
"3205",3205,"Lillestrøm",0,32,940,17.8,23.2,0.939381883,1,0.060618117,52.4288217257994,26.3753832676303,3.62242663162505,151922.744440274,456743317.265998
"1824",1824,"Vefsn",1,18,686,0.7,3.6,0.937093819,4,0.062906181,35.9887701324927,1.43919617790474,0.14825395261784,425260.729703757,1928182855.67106
"1845",1845,"Sørfold - Fuolldá",1,18,547,-6.9,1.9,0.781284292,6,0.218715708,25.9874407699497,0.396233324042345,0.0245937925267662,569214.081657975,1636158169.26582
"1528",1528,"Sykkylven",1,15,695,-0.6,-4.9,0.777982748,4,0.222017252,38.0738410844005,3.48985246761027,0.454329863451409,121615.67484337,339070125.674166
"4219",4219,"Evje og Hornnes",0,42,691,9.8,10.7,0.911313637,4,0.088686363,72.1855996729521,1.42061423680311,0.143083448311104,137634.418589955,589150754.807556
"5007",5007,"Namsos - Nåavmesjenjaelmie",1,50,690,-2.8,-4.9,0.938607369,4,0.061392631,42.3542786673604,2.3361658670058,0.134111798369848,1081933.12879221,2132213184.77822
"1130",1130,"Strand",1,11,787,13.4,7.5,0.945975749,3,0.054024251,32.0843628212639,3.81313838864974,0.942459053974885,204059.745026907,263252361.48925
"1578",1578,"Fjord",1,15,564,-10.6,-10.3,0.906889198,6,0.093110802,22.6516005141959,1.13313548428052,0.0420561489263779,287678.223190561,1194177420.59568
"3301",3301,"Drammen",1,33,912,8,5.2,0.946786326,2,0.053213674,67.4894973200058,7.64884832681443,6.69274228596263,135229.262689269,317940422.962801
"3242",3242,"Hurdal",0,32,736,9.6,17.2,0.919468092,4,0.080531908,84.2217932970697,2.44604316546763,0.200035093876119,94828.7050447244,285072589.211084
"3303",3303,"Kongsberg",0,33,848,11.2,-3.5,0.912789714,3,0.087210286,81.3413357878677,5.31213355356895,0.938102863483337,155534.464152732,794219385.681401
"5620",5620,"Nordkapp",1,56,525,-8.5,-0.6,0.906126125,6,0.093873875,0.226362925095141,0,0.0326631066412451,727976.921815138,928650305.14201
"3116",3116,"Skiptvet",0,31,792,5.9,-1.8,0.88744856,3,0.11255144,52.401185770751,32.4407114624506,0.711462450592885,46725.9357126524,101241482.170161
"5634",5634,"Vardø",1,56,515,-9.2,-6.9,0.87914966,6,0.12085034,0.266664335175212,0.159124291809471,0.0760649087221095,200306.375276438,605111917.076974
"4612",4612,"Sveio",1,46,673,6.1,7.6,0.894439184,4,0.105560816,30.2949276718629,3.17655552287494,0.184496911682131,302437.844091009,247723129.178453
"5630",5630,"Berlevåg",1,56,426,-11.4,-6.4,0.86661981,6,0.13338019,1.05196380948861,0.0363383283137168,0.0301792896164767,304673.171750573,1128166438.22923
"4030",4030,"Nissedal",0,40,543,0.8,2,0.904478458,6,0.095521542,66.7487875205763,0.540230012041937,0.0198857673144271,165909.558823647,907488423.393234
"3425",3425,"Engerdal",0,34,421,-3.5,1.3,0.907091988,6,0.092908012,49.3680970981635,0.647837052819434,0.00409735310989101,277056.858524125,2196164040.56784
"4622",4622,"Kvam",1,46,674,-0.6,-2.1,0.945474229,4,0.054525771,31.0997375328084,2.14698162729659,0.263779527559055,249142.182487379,620070365.960071
"1579",1579,"Hustadvika",1,15,651,1.9,0.7,0.952091201,5,0.047908799,19.9325434408644,7.06167732957071,0.295726462686279,583629.203227893,523512739.986418
"1832",1832,"Hemnes",1,18,567,-3.5,-7.2,0.930212169,5,0.069787831,33.1450071378451,1.24851798978925,0.103438263688935,320550.739991265,1588315197.40483
"4643",4643,"Årdal",1,46,592,-6.3,-8.9,0.789417234,5,0.210582766,21.5558594988899,0.138756739613067,0.156596891849033,201663.889043863,979343661.323374
"5058",5058,"Åfjord",1,50,512,0.4,12.3,0.906562151,6,0.093437849,18.6218342295071,1.78410524418814,0.0377189269384385,914770.839474107,1330011285.32561
"3228",3228,"Nes",0,32,826,22.5,11.8,0.936586559,3,0.063413441,65.2490792184281,23.5829327673388,0.877083463387228,157226.525479444,640849304.172155
"4020",4020,"Midt-Telemark",0,40,731,10.5,7.5,0.939472354,4,0.060527646,75.8765670202507,9.58919961427194,0.530376084860174,136074.75345206,519502880.963254
"5614",5614,"Loppa",1,56,351,-19.4,-17,0.870252452,6,0.129747548,4.31461592808677,0.0417686814871428,0.0111086918848784,491805.401823859,689486189.773144
"3416",3416,"Eidskog",0,34,691,-4,0.5,0.937890795,4,0.0621092049999999,81.5331282499727,6.41484095629226,0.260778588047908,128474.904582134,640301413.987861
"3403",3403,"Hamar",0,34,873,10.3,8.8,0.957571165,2,0.0424288350000001,51.7054683270168,13.8831105918559,2.65580030205454,140302.971539472,351032828.547063
"1515",1515,"Herøy (Møre og Romsdal)",1,15,664,-0.1,13.2,0.943187291,5,0.056812709,3.10023580347134,1.372298890564,0.382697437086861,367488.129266873,120118581.769871
"5029",5029,"Skaun",1,50,746,18.2,22.2,0.920287273,4,0.079712727,57.3717314767198,12.6587285889473,0.636892282131413,81474.8863290634,224362136.883551
"1840",1840,"Saltdal",1,18,603,-2,0.2,0.9050408,5,0.0949592,24.2557681861492,0.505801579739441,0.0636704453369191,258055.740022486,2214452819.95789
"3220",3220,"Enebakk",0,32,827,7.9,11.7,0.902733135,3,0.097266865,65.6333304669361,12.0216699630235,1.14369249290567,77614.5050853368,232670016.663324
"4212",4212,"Vegårshei",0,42,653,7.9,-11.8,0.910016446,5,0.089983554,83.8155489947982,1.04597216364403,0.0449880500492057,83220.8597564258,356480627.12554
"3405",3405,"Lillehammer",0,34,818,6.4,3.7,0.944675292,3,0.055324708,63.7653261915722,6.71213959911286,1.73034272084362,133333.31791499,478285414.248947
"3230",3230,"Gjerdrum",0,32,880,16.3,11.5,0.904961766,2,0.095038234,57.5309532395721,32.6721961774252,1.91128741435269,50924.4092860535,83225576.2179481
"3236",3236,"Jevnaker",0,32,793,8.5,0,0.933849751,3,0.066150249,72.7039120995968,6.68113951530725,1.06774179256568,91142.3685323028,225892168.871662
"5607",5607,"Vadsø",1,56,641,-9.2,-11.3,0.939301581,5,0.0606984189999999,5.18038900039735,0.446260277740986,0.126338526118453,218081.478341924,1266165090.56963
"3436",3436,"Nord-Fron",0,34,629,-4.1,-7.6,0.92325883,5,0.07674117,48.7444362667788,3.61949321837872,0.161216836645288,224750.900174545,1142785138.45713
"1573",1573,"Smøla",1,15,445,-1,10.2,0.845321323,6,0.154678677,0.213477196001853,1.01939498245846,0.0281326537366784,1822095.84898765,272508151.465403
"1535",1535,"Vestnes",1,15,644,-0.2,0,0.926313534,5,0.073686466,36.4385669279801,4.09370649864459,0.446919188218917,200316.947324841,405912300.311548
"1539",1539,"Rauma",1,15,627,1,-5,0.949284827,5,0.0507151729999999,25.110251102511,2.09573524306672,0.120215487869164,325759.741809537,1453035315.30865
"5020",5020,"Osen",1,50,459,-10.5,-6.6,0.9057317,6,0.0942683,9.92828141640043,0.777089989350373,0.0108160276890309,377175.084779502,387213158.91137
"1822",1822,"Leirfjord",1,18,559,5.9,-13.4,0.894070257,6,0.105929743,24.1109769189479,3.53093129361245,0.0486446591519055,259078.237314747,464973124.580621
"1834",1834,"Lurøy",1,18,362,-3.3,14.5,0.81619929,6,0.18380071,6.58373763727022,0.530765723000097,0.00747557356338165,1417442.31487787,265036031.599511
"4001",4001,"Porsgrunn",1,40,855,4.7,1.4,0.95784084,3,0.04215916,60.7867765273312,3.89368971061093,6.12439710610932,220720.775865007,164678489.506275
"5059",5059,"Orkland",1,50,728,6,12.8,0.947536052,4,0.052463948,47.4607648870159,4.73007544677328,0.228852111300271,476273.048315743,1908124987.65566
"5006",5006,"Steinkjer",1,50,721,-1.1,-3.3,0.942829677,4,0.057170323,50.0004444167918,7.80040353044699,0.241318317971326,400093.381537151,2121886754.91138
"5501",5501,"Tromsø",1,55,803,10.9,15.1,0.953714546,3,0.0462854539999999,16.491143428217,0.640981459783583,0.300273393525858,1474559.1777862,2520355851.98505
"3905",3905,"Tønsberg",1,39,879,16.6,10.8,0.949082157,2,0.050917843,45.117748420448,31.9147825178842,3.71521069395854,181611.479326814,329582607.347649
"3446",3446,"Gran",0,34,801,0.1,-2,0.938384348,3,0.061615652,69.7746646401903,10.0812793233331,0.442741029538096,157478.313555545,757179020.858317
"3435",3435,"Vågå",0,34,610,-5,-2.8,0.927301407,5,0.072698593,28.9438266453131,2.13385063045587,0.0578951721441515,288221.909590765,1332274678.39928
"4637",4637,"Hyllestad",1,46,481,-11.2,-24.9,0.900907154,6,0.099092846,40.9266007287871,2.14471629359708,0.0390421655387819,269953.269338394,260426264.178448
"5605",5605,"Sør-Varanger",1,56,634,-1.2,-6.7,0.944564795,5,0.055435205,29.2845572085905,0.227780924838258,0.0552557566361567,1018275.83221353,3999200948.36041
"4216",4216,"Birkenes",0,42,705,9.2,9,0.895859813,4,0.104140187,82.1670641395758,1.58152378561566,0.138069536839463,174104.875725228,639315752.815452
"1812",1812,"Sømna",1,18,505,-3.1,-7.7,0.889249496,6,0.110750504,12.1964711222058,4.12175195733575,0.0851015545217293,430979.962816887,195123388.774527
"5042",5042,"Lierne",0,50,398,-7.6,-3.9,0.919301967,6,0.080698033,38.3192085626498,0.512205827734072,0.00202586352432724,253719.198769865,2959667167.53141
"4205",4205,"Lindesnes",1,42,733,5.2,11,0.943743698,4,0.056256302,57.9073310414689,2.70716513388264,0.403602108940664,800228.631924691,937308849.480892
"4012",4012,"Bamble",1,40,786,0.3,-3.9,0.914189682,3,0.0858103180000001,66.9750006741997,2.59432054151722,1.16232032577331,261576.272702409,304880730.701702
"5528",5528,"Dyrøy",1,55,496,-11.3,-15.2,0.880059923,6,0.119940077,35.3812747477328,1.91382466896581,0.0170306978328437,163798.549258439,288496665.079617
"0301",301,"Oslo",1,30,1000,13.6,19.9,0.963651234,1,0.036348766,60.0956838273531,1.64742589703588,12.9693187727509,190662.886244349,454386174.641752
"1516",1516,"Ulstein",1,15,719,11,-14.1,0.919243364,4,0.080756636,8.50317602587584,1.41849499240092,0.86122910252913,204422.466430538,97657566.0549057
"3448",3448,"Nordre Land",0,34,695,-3.4,-6.2,0.929089422,4,0.070910578,75.4291755642088,3.7798852740443,0.163296068333124,188382.820563364,956295753.514913
"4207",4207,"Flekkefjord",1,42,689,1.7,1.2,0.948322792,4,0.051677208,48.8279383455978,1.48128933608202,0.29762311084413,322399.827361179,546800599.469682
"4649",4649,"Stad",1,46,607,3.2,4.1,0.945776825,5,0.054223175,23.5712997242671,2.62762311346281,0.17351417748267,476402.52073018,756502092.342287
"5037",5037,"Levanger - Levangke",1,50,752,6.6,6.9,0.934815139,4,0.065184861,43.0744232170807,15.2848967107543,0.526900605756479,257613.77891549,645833988.895346
"1839",1839,"Beiarn",1,18,448,-4.5,5.7,0.841609114,6,0.158390886,25.4908131399937,0.804505878460707,0.00806926658436015,236380.841168827,1221346706.43049
"5038",5038,"Verdal",1,50,747,3.2,-0.3,0.924910379,4,0.0750896210000001,42.5686384784498,5.51089012730712,0.202592157063245,196578.046956949,1547403739.89575
"3452",3452,"Vestre Slidre",0,34,583,-5.8,-8.1,0.920517939,5,0.079482061,48.6600599418083,5.83010653890748,0.0306272013300956,115313.470550979,457966858.417194
"5033",5033,"Tydal",0,50,519,-12.9,-11.6,0.923399424,6,0.076600576,25.2875120423892,0.604377408477842,0.0255900770712909,167182.169162295,1328436215.56913
"1868",1868,"Øksnes",1,18,584,1.4,0.4,0.891905277,5,0.108094723,11.3358419567262,0.823715668953491,0.141110065851364,689253.618794592,319345996.565536
"3118",3118,"Indre Østfold",0,31,858,9.8,5.1,0.940658751,3,0.059341249,57.2143073658684,29.1830857835708,1.39183590987168,199123.331228132,792022391.659557
"5546",5546,"Kvænangen",1,55,438,-10.2,24,0.844754392,6,0.155245608,12.8241639858797,0.238941054993719,0.00559144434462681,661423.878030251,2111760939.39363
"3433",3433,"Skjåk",0,34,550,-5.8,-3.3,0.919499643,6,0.080500357,12.3574446762482,0.893756233407693,0.0202359901903628,222712.91681094,2080944594.89687
"3453",3453,"Øystre Slidre",0,34,602,2.9,5,0.929324536,5,0.070675464,27.2388675663406,2.52672196772729,0.044364656844538,153869.384088892,970849643.38951
"5022",5022,"Rennebu",0,50,602,-2.1,-3.6,0.900190773,5,0.0998092269999999,47.8780526399072,3.39258399704626,0.0664592014346748,170502.829333341,948783295.699993
"4619",4619,"Eidfjord",1,46,531,1.1,-6.3,0.919250312,6,0.080749688,6.98786510973735,0.21980178588951,0.0189709874726065,228270.85929195,1503555640.04949
"3418",3418,"Åsnes",0,34,665,-4.4,-8.9,0.935563695,5,0.064436305,76.7023402374822,10.6569188794528,0.115282634592476,204815.017388291,1040713076.07022
"4016",4016,"Drangedal",0,40,645,-1.2,2.6,0.915559236,5,0.084440764,84.4172829748396,1.18086527785619,0.0969156363499501,166808.584040508,1065028774.53899
"3238",3238,"Nannestad",0,32,834,35,28.2,0.916476361,3,0.083523639,73.7902516276614,15.3762684028389,0.929673294621385,96648.6165724101,341129786.886841
"1111",1111,"Sokndal",1,11,652,1.2,2.6,0.868300645,5,0.131699355,18.36620349619,1.23487225459435,0.255490811295383,162048.209136738,296597893.825768
"3332",3332,"Sigdal",0,33,663,-1.7,-1.3,0.919796343,5,0.080203657,73.5613901813693,4.14727946064001,0.0498528154971038,164628.874687284,843770898.466273
"4624",4624,"Bjørnafjorden",1,46,766,16.6,16.2,0.937820995,4,0.062179005,44.6791831094458,1.93858705039795,0.515539256719948,549242.368744969,520355501.731808
"3413",3413,"Stange",0,34,820,10,4.6,0.948494092,3,0.051505908,66.2501553288138,14.5318734726,0.767669515512171,137631.891677101,724405901.827333
"1857",1857,"Værøy",1,18,370,-8.8,-11.2,0.743190212,6,0.256809788,0,0,0.0147249588051748,107823.808351762,18630510.5837501
"1827",1827,"Dønna",1,18,429,-2.8,9.4,0.864636735,6,0.135363265,5.19425786908995,1.8556565257474,0,968397.336344002,192462286.747039
"1151",1151,"Utsira",1,11,293,-0.5,-4.6,0.831640505,6,0.168359495,0.0651748859439496,0.427257585632558,0.0289666159750887,37962.2543956029,6367086.23549985
"1145",1145,"Bokn",1,11,624,0.3,0.9,0.855623269,5,0.144376731,1.77605768211218,2.01993425935744,0.137843282790796,168910.733891546,47477049.1814491
"1103",1103,"Stavanger",1,11,890,6.7,3.4,0.953845166,2,0.046154834,11.1099658571152,5.60200992076274,3.16304837982349,737180.062570583,264093638.231443
"5632",5632,"Båtsfjord",1,56,538,-2.1,5.7,0.809487867,6,0.190512133,0.883380166323477,0.0062570391690652,0.0386798784996758,328418.635741705,1444329910.93758
"4638",4638,"Høyanger",1,46,547,-6.5,-7.7,0.911128431,6,0.088871569,26.4817918634771,0.901384957136098,0.105054652477606,404375.132120037,1005965896.13027
"5041",5041,"Snåase - Snåsa",0,50,561,-6.2,-14.4,0.916343986,6,0.083656014,36.0914515977564,1.5751325416407,0.0217701245592617,199993.073988857,2341565766.062
"5626",5626,"Gamvik",1,56,407,-0.8,5.5,0.748196443,6,0.251803557,1.56808789879149,0.0200036104077321,0.021467289218054,560331.308821756,1422889718.36455
"4615",4615,"Fitjar",1,46,603,6.7,-12.4,0.912730104,5,0.087269896,16.4172901080632,2.45220282626766,0.382377389858687,366685.911707677,143362920.238513
"3429",3429,"Folldal",0,34,492,-8.2,-13.9,0.90009883,6,0.09990117,31.2058070426836,2.38044899653112,0.0415012489526808,192767.381862644,1278155867.8429
"4635",4635,"Gulen",1,46,483,-3.3,-6.4,0.939153004,6,0.060846996,22.8590858801677,1.14391855543488,0.0182702165020655,1133258.41650239,603048266.067864
"3326",3326,"Hemsedal",0,33,625,18.9,19,0.929864182,5,0.070135818,24.8596568061472,1.89645791031307,0.0995341800374249,152339.430644454,755228716.970652
"1856",1856,"Røst",1,18,366,-17,-16.9,0.779453507,6,0.220546493,0,0,0,236615.379281439,10115293.2494853
"1149",1149,"Karmøy",1,11,758,4.3,7.2,0.943969107,4,0.056030893,3.28104024637414,3.87591798057435,1.62933326314127,654289.603102952,231543958.540485
"3907",3907,"Sandefjord",1,39,861,6.5,7.9,0.952803401,3,0.047196599,50.9041887337506,20.9224843524314,3.06596051998074,313145.858136973,422706547.79141
"4228",4228,"Sirdal",0,42,575,0.3,1,0.917838525,5,0.082161475,15.0925187224953,0.609928712973209,0.0315258511979823,252052.310316162,1561471219.9205
"1112",1112,"Lund",0,11,625,1,-5.9,0.783162041,5,0.216837959,37.6453879869732,3.40360929503661,0.23506941893778,123940.408526843,410542779.910504
"5520",5520,"Bardu",0,55,597,0.4,4.2,0.907114395,5,0.092885605,24.8268235764029,0.585082973049939,0.0514074167218341,305358.015672612,2703420207.40831
"5014",5014,"Frøya",1,50,531,19.6,41.9,0.819103216,6,0.180896784,0.109214874158644,0.139222794853991,0.0219825465558932,2430236.06698681,241697945.857161
"1811",1811,"Bindal",1,18,426,-10,-12.8,0.905796467,6,0.094203533,22.6375361937352,0.668487321224884,0.024129156795648,702739.357517822,1265462081.63589
"1554",1554,"Averøy",1,15,611,3.9,-0.9,0.926798453,5,0.073201547,13.3356187864244,3.98811564392641,0.108559021826077,435361.342800891,176156727.680149
"4217",4217,"Åmli",0,42,591,-1.6,10.1,0.907739278,5,0.092260722,77.4862904652397,1.07907305855298,0.0362639306562887,203782.203057915,1133809153.85384
"1101",1101,"Eigersund",1,11,747,2.6,1.7,0.941421429,4,0.058578571,16.1734871054411,3.16378191654634,0.637873997039095,331357.709431895,434969035.155613
"4032",4032,"Fyresdal",0,40,491,-9.3,-7.3,0.939168696,6,0.060831304,64.7724254308526,0.60389681411228,0.0218746582084655,181207.123505391,1283945777.93285
"4203",4203,"Arendal",1,42,805,5.9,-1.2,0.951455406,3,0.048544594,51.2872577774435,4.75545862475245,3.27392143591286,443514.775281296,270860095.59326
"3112",3112,"Råde",1,31,836,17.9,31.3,0.937519114,3,0.062480886,34.2880523731587,22.888077552562,1.6555457635654,106634.909905296,118834333.742691
"5044",5044,"Namsskogan",0,50,427,-9.8,-6.8,0.878827289,6,0.121172711,35.4951839960484,0.54122711075045,0.0169353985110962,228225.457282225,1416337362.08012
"4616",4616,"Tysnes",1,46,578,6.4,16.3,0.906707456,5,0.093292544,39.5788426463273,1.59592107444868,0.0373072458962029,426537.249699428,256655255.74185
"3421",3421,"Trysil",0,34,604,-1.6,2.7,0.935358128,5,0.064641872,70.7586916135881,0.985602441613588,0.0633625265392781,247688.863264869,3013568118.35073
"3440",3440,"Øyer",0,34,698,1.2,2.9,0.933294671,4,0.066705329,46.2187368190836,4.78184118850858,0.207770296658491,114894.793961636,640518155.745719
"5510",5510,"Kvæfjord",1,55,587,-7,-8.7,0.924095886,5,0.075904114,30.0376272056099,1.80867136056555,0.0983438328439896,333141.303724242,512241730.835046
"5032",5032,"Selbu",0,50,643,2.8,1.5,0.931872727,5,0.068127273,50.8187295520067,2.89754138187943,0.0558776845583233,150930.131732059,1235005815.03426
"3110",3110,"Hvaler",1,31,723,11.2,4.3,0.904310438,4,0.095689562,11.5886251870857,0.898011545862733,0.215950395552705,522590.275765905,90162745.9084055
"4634",4634,"Masfjorden",1,46,552,-2.5,1.9,0.913830973,6,0.086169027,36.9553699432774,0.945895406096117,0,395130.926766913,559265610.981784
"3441",3441,"Gausdal",0,34,673,-0.2,0.5,0.894573636,4,0.105426364,52.7775678965705,5.10934810897032,0.138521596776225,171403.745406738,1192420446.75335
"3312",3312,"Lier",1,33,887,13.7,18.9,0.932434224,2,0.067565776,70.1515348595213,13.8137356919875,1.78524973985432,95954.1872241831,301939363.052218
"3316",3316,"Modum",0,33,812,8.9,3.7,0.920628711,3,0.079371289,75.1121336323563,9.79042610780295,0.891269043384116,142827.629698007,517831300.99657
"4213",4213,"Tvedestrand",1,42,729,2,1.5,0.93284167,4,0.06715833,59.3066221122642,2.37123670597307,0.404845291263696,387004.651290177,215527863.570691
"5536",5536,"Lyngen",1,55,486,-9.9,-17,0.923925152,6,0.076074848,14.7457353246693,1.17571924316921,0.0461669859883197,296347.166939606,812834669.552201
"1833",1833,"Rana - Raane",1,18,713,0.9,6.6,0.955093725,4,0.044906275,24.8375728225168,0.610477724428481,0.160193190808616,514928.190390064,4456742705.44074
"4626",4626,"Øygarden",1,46,769,14.6,2.2,0.941095993,4,0.058904007,2.65313295487224,0.37065044893438,0.955383484753273,1505058.55378491,316590194.4133
"5522",5522,"Salangen",1,55,552,-7.7,-3.2,0.899668481,6,0.100331519,44.096556484393,2.11097476800368,0.111204846997469,198753.325105111,457854168.165232
"3314",3314,"Øvre Eiker",0,33,848,15.5,9.2,0.932624764,3,0.0673752359999999,73.7017251948507,12.0216306156406,1.16910412470444,128866.82204543,457337519.46212
"1511",1511,"Vanylven",1,15,535,-9.7,-7.1,0.919463053,6,0.080536947,18.6066709402593,4.13366694927521,0.0785789615169875,188828.147781147,387047187.247546
"5026",5026,"Holtålen",0,50,524,-1.6,-6.6,0.934239845,6,0.065760155,28.4321830718101,1.51209510739265,0.0148811984325138,175077.821076587,1209705877.21342
"3432",3432,"Lesja",0,34,520,-8.3,0.4,0.882455735,6,0.117544265,14.9679794997986,1.97389676431407,0.0137199102452323,195241.236264357,2263769650.87333
"3338",3338,"Nore og Uvdal",0,33,530,-1.8,-0.1,0.940782299,6,0.059217701,28.6820187358123,0.647840266010167,0.0135882597435815,301902.308461848,2508244094.68801
"1517",1517,"Hareid",1,15,683,2,-10.6,0.930562678,4,0.069437322,20.278374176353,3.19093803213149,1.05871029836381,59249.7000368113,82646611.2043738
"5054",5054,"Indre Fosen",1,50,621,-2,-7,0.94848318,5,0.05151682,41.1751934727037,5.61263438036208,0.134467906292678,255664.697826414,1096566988.26419
"4224",4224,"Åseral",0,42,536,-0.1,-12.7,0.764447232,6,0.235552768,32.8627283072867,0.771822289326317,0.00676048720577796,141025.174053573,891021183.280287
"1837",1837,"Meløy",1,18,488,-5.6,-5,0.922067218,6,0.077932782,7.84843497385554,0.54582926722694,0.0407824402464425,966158.857608535,873196520.64564
"5027",5027,"Midtre Gauldal",0,50,657,-2.1,-10.6,0.912257463,5,0.087742537,45.7754390114113,3.13314663814279,0.0623511768784636,180080.706695544,1861296576.09459
"5046",5046,"Høylandet",1,50,525,-3.7,-11,0.900063377,6,0.0999366229999999,41.2965597176124,2.29703387598124,0.0144881723829092,170128.770554791,754374907.786926
"3203",3203,"Asker",1,32,910,12.6,12.6,0.940895417,2,0.059104583,50.7039883323049,7.75041603560143,4.87836801854864,251450.459766713,376916349.446944
"4633",4633,"Fedje",1,46,436,-9.8,-32.2,0.874219075,6,0.125780925,0.0722949634508796,0,0.176721021768817,108247.860593391,9336326.47339899
"4644",4644,"Luster",1,46,567,5.2,10.8,0.929527863,5,0.070472137,18.9015046222051,1.17461742966907,0.0395578078559668,392265.900351225,2714879886.1705
"4018",4018,"Nome",0,40,709,-1,-7.8,0.940829517,4,0.0591704830000001,78.0761980124282,6.72143738217702,0.486419810552284,132252.832818051,430512376.290174
"5624",5624,"Lebesby",1,56,430,-8.4,-9.7,0.815586359,6,0.184413641,6.34857495945007,0.0424808836023789,0.0065652274658222,953137.54837472,3472785033.5547
"5542",5542,"Skjervøy",1,55,556,-4,0.3,0.840228095,6,0.159771905,5.34647723977965,0.15527850262556,0.0515447311620115,311007.449329873,474091621.108245
"1871",1871,"Andøy",1,18,517,-8.9,-14.5,0.934918462,6,0.065081538,9.43791358979198,1.53716905206894,0.11323304700389,525848.305541753,655679886.883145
"3209",3209,"Ullensaker",0,32,920,35,19.9,0.916112293,2,0.083887707,48.0430993503407,37.0266201869751,3.3433687212803,99683.117773837,252521830.35006
"1160",1160,"Vindafjord",1,11,643,2.7,5.1,0.935337958,5,0.064662042,43.4610407435003,6.67294093042103,0.232670614224279,300587.483252693,624201498.478088
"5031",5031,"Malvik",1,50,807,12.1,4.9,0.925694843,3,0.074305157,53.7793820635125,6.03755747496885,1.54269262171802,87136.8231656476,168488917.212015
"1870",1870,"Sortland - Suortá",1,18,670,4.8,5.5,0.930707658,4,0.069292342,28.3755100547108,2.09968710545095,0.295511518544949,605698.750839877,721381328.406916
"5628",5628,"Deatnu - Tana",1,56,490,-3.3,1.3,0.944053729,6,0.055946271,26.8813731687876,0.668581480361707,0.0121393691192773,639726.976697614,4070421412.32825
"3443",3443,"Vestre Toten",0,34,789,4.9,8.3,0.890620549,3,0.109379451,61.6157989228007,23.706363455017,2.07061639736685,105971.341041612,250856798.906091
"4614",4614,"Stord",1,46,746,5.2,4.8,0.861275288,4,0.138724712,35.9341097285569,2.34246999955719,2.76314041535668,169406.917232746,144614925.367638
"1557",1557,"Gjemnes",1,15,576,4.4,9.6,0.932902042,5,0.067097958,43.9035274118147,5.11474713132172,0.0743731406714832,178168.423480838,382568884.483065
"3423",3423,"Stor-Elvdal",0,34,538,-13.6,-7.5,0.918000769,6,0.081999231,65.9035816360925,1.06982735932255,0.0535606273981078,295237.273017534,2166712751.42062
"3107",3107,"Fredrikstad",1,31,870,9.9,-2.2,0.954412189,2,0.045587811,27.6639124369568,12.6032836141217,4.13849840826984,468503.235819588,292707710.966618
"4204",4204,"Kristiansand",1,42,832,13.6,9,0.957020606,3,0.0429793939999999,55.0628217191565,2.46526816848398,2.56268334532573,877384.534938249,646893575.125709
"5538",5538,"Storfjord - Omasvuotna - Omasvuono",1,55,516,-5.5,12,0.935298279,6,0.064701721,17.8170764372076,0.422332546391175,0.0323912867438659,253035.034848264,1543217173.88172
"3442",3442,"Østre Toten",0,34,747,0.9,-4.8,0.932898415,4,0.067101585,60.1116305526423,19.8304211031516,0.743018646568427,117997.917789706,562771843.357209
"1875",1875,"Hábmer - Hamarøy",1,18,405,-5.5,-1.1,0.914455186,6,0.085544814,22.5481981182318,0.401207172022013,0.0255636428191017,1307058.77179379,2018958992.12959
"5503",5503,"Harstad - Hárstták",1,55,738,2.5,2.8,0.945722381,4,0.0542776190000001,13.810363198674,1.49633644220524,0.44002157355398,575581.304682654,444960351.995391
"5540",5540,"Gáivuotna - Kåfjord - Kaivuono",1,55,431,-9.4,-0.1,0.911015823,6,0.0889841770000001,12.807179551547,0.947650597548839,0.030482611463255,229352.777456221,991607788.552653
"4648",4648,"Bremanger",1,46,476,-11.7,-6.9,0.890089514,6,0.109910486,16.0973065322075,0.727228744434281,0.0476251672550517,615756.582147281,837731373.609625
"3232",3232,"Nittedal",0,32,886,15.8,2.8,0.908412822,2,0.091587178,77.7736011169584,9.58543658038879,3.04478573729997,90038.3790815831,186320588.354441
"4620",4620,"Ulvik",1,46,529,-5.1,-20.1,0.905552055,6,0.094447945,13.4748734973629,0.72019490776686,0.036143610612835,210588.686337959,724666020.699044
"5043",5043,"Raarvihke - Røyrvik",0,50,389,-14.7,-7.5,0.895727788,6,0.104272212,26.624556709618,0.281434178477227,0.00946527506089327,215307.465837143,1583650763.05096
"1826",1826,"Aarborte - Hattfjelldal",0,18,453,-13.1,-6.5,0.861597881,6,0.138402119,32.4838415258815,0.684336990332855,0.0115484195429061,276479.245752703,2682324605.76854
"5603",5603,"Hammerfest - Hámmerfeasta",1,56,682,1.8,-0.7,0.947231272,4,0.052768728,5.35454969504414,0.076569004514931,0.0572067275111553,1145045.19287483,2698144925.6283
"5512",5512,"Dielddanuorri - Tjeldsund",1,55,542,-0.3,-1,0.924070053,6,0.075929947,33.6963834745556,1.75609660969022,0.0702048616866718,448993.235827772,813866224.27324
"5622",5622,"Porsanger - Porsángu - Porsanki",1,56,543,-2.6,-4.7,0.938554796,6,0.061445204,17.2351337152578,0.20897439104729,0.0221816392731761,980891.005299421,4886241432.70371
"5636",5636,"Unjárga - Nesseby",1,56,476,-2,-7.8,0.888663086,6,0.111336914,27.8304364289291,0.22597075816243,0.00305365889408689,323920.675353165,1445258646.98189
